sequence number,asset,time (from exchange),ask,ask size,bid,bid size
6718114969,1747531475417605919,cXRPUSD,23628.0,675.0,23625.0,4558.0
6718114968,1747531475311215598,cSOLUSD,1670900.0,9702.0,1670600.0,844.0
6718114937,1747531474594622282,cLINKUSD,153870.0,288.0,153850.0,137.0
6718114971,1747531475467511250,cSUIUSD,37790.0,252.0,37782.0,252.0
19615294387,1747531475113063858,BTCUSD,1032684000.0,394.0,1032683000.0,1115557.0
6718114977,1747531475564651526,cETHUSD,24832900.0,5722.0,24832800.0,14711.0
6718114775,1747531473265810625,cAVAXUSD,223200.0,1296.0,223100.0,1414.0
6718114975,1747531475541498873,cADAUSD,7435.0,2214.0,7433.0,793.0
6718114972,1747531475528615641,cSOLUSD,1670900.0,7448.0,,
6718115009,1747531476086081043,cXRPUSD,23630.0,0.0,,
6718114979,1747531475588041098,cSUIUSD,,,37780.0,127.0
6718114993,1747531475825155935,cLINKUSD,154280.0,0.0,,
19615294388,1747531475853642655,BTCUSD,,,1032683000.0,1115517.0
6718115064,1747531476672259441,cETHUSD,24832900.0,7572.0,24832800.0,12861.0
6718115169,1747531477073384009,cADAUSD,7434.0,393.0,7433.0,0.0
6718115168,1747531477072614777,cAVAXUSD,,,223100.0,623.0
6718114973,1747531475529508437,cSOLUSD,1670900.0,0.0,,
6718115010,1747531476125671401,cXRPUSD,23628.0,0.0,,
6718114994,1747531475833050269,cLINKUSD,154310.0,70000.0,,
6718114980,1747531475624655431,cSUIUSD,,,37782.0,127.0
19615294389,1747531475877389936,BTCUSD,1032918000.0,52500.0,,
6718115065,1747531476672574842,cETHUSD,24832900.0,9433.0,,
6718115276,1747531477149870972,cAVAXUSD,,,223100.0,759.0
6718115210,1747531477090739410,cADAUSD,7434.0,793.0,7387.0,393.0
6718115015,1747531476198670144,cXRPUSD,23630.0,23284.0,,
6718114989,1747531475740873219,cSOLUSD,1670900.0,9702.0,,
6718114997,1747531475883962422,cLINKUSD,154330.0,135.0,,
6718114981,1747531475637803673,cSUIUSD,,,37783.0,3470.0
19615294390,1747531476694784253,BTCUSD,,,1032683000.0,1115551.0
6718115066,1747531476783102824,cETHUSD,24832900.0,7572.0,,
6718115362,1747531478032922174,cAVAXUSD,224400.0,79424.0,,
6718115278,1747531477150741527,cADAUSD,,,7433.0,400.0
6718114999,1747531476046329847,cSOLUSD,1670900.0,10127.0,,
6718115016,1747531476204709521,cXRPUSD,23628.0,675.0,,
6718114984,1747531475662055985,cSUIUSD,,,37785.0,125.0
6718114998,1747531475936438110,cLINKUSD,153870.0,0.0,,
6718115067,1747531476811532978,cETHUSD,,,24832800.0,14711.0
6718115292,1747531477177726090,cADAUSD,,,7433.0,793.0
6718115380,1747531478282519960,cAVAXUSD,224300.0,58630.0,,
6718115031,1747531476368701914,cXRPUSD,23630.0,0.0,23626.0,40848.0
6718115000,1747531476063161767,cSOLUSD,,,1670700.0,318.0
6718115024,1747531476327212715,cLINKUSD,153880.0,667.0,,
6718114987,1747531475716882545,cSUIUSD,37819.0,2250.0,37783.0,0.0
19615294393,1747531479775331517,BTCUSD,,,1032533000.0,4736.0
6718115068,1747531476830829857,cETHUSD,24832900.0,5722.0,,
6718115313,1747531477272887841,cADAUSD,7434.0,400.0,,
6718115007,1747531476080965149,cSOLUSD,1670800.0,848.0,,
6718115044,1747531476394436963,cXRPUSD,23628.0,0.0,23626.0,0.0
6718114991,1747531475752341542,cSUIUSD,37816.0,125.0,,
6718115054,1747531476581794244,cLINKUSD,,,153760.0,3456.0
6718115084,1747531476931936545,cETHUSD,24832900.0,7572.0,24832800.0,14711.0
19615294396,1747531480074964306,BTCUSD,,,1032518000.0,0.0
6718115322,1747531477406899899,cADAUSD,7434.0,793.0,,
6718115631,1747531482140115758,cAVAXUSD,,,223100.0,1384.0
6718115048,1747531476427345867,cXRPUSD,23640.0,12806.0,23534.0,675.0
6718115013,1747531476138463210,cSOLUSD,,,1670700.0,743.0
6718115056,1747531476582111136,cLINKUSD,,,153720.0,5588.0
6718114992,1747531475818945736,cSUIUSD,,,37785.0,0.0
19615294397,1747531480093640653,BTCUSD,,,1032528000.0,54719.0
6718115101,1747531477045085920,cETHUSD,24832900.0,9433.0,24832800.0,12861.0
6718115328,1747531477431237114,cADAUSD,7434.0,1798.0,7430.0,1385.0
6718115720,1747531483236939426,cAVAXUSD,,,223100.0,759.0
6718115073,1747531476894851126,cXRPUSD,23630.0,11931.0,23625.0,3883.0
6718115020,1747531476249372666,cSOLUSD,1670800.0,0.0,,
6718115060,1747531476640563382,cLINKUSD,153880.0,530.0,,
6718114995,1747531475844380733,cSUIUSD,37789.0,945.0,,
19615294398,1747531480247996251,BTCUSD,,,1032683000.0,1091586.0
6718115176,1747531477075775779,cETHUSD,24832900.0,12653.0,24832800.0,0.0
6718115342,1747531477668978691,cADAUSD,,,7433.0,400.0
6718115726,1747531483242492522,cAVAXUSD,,,223100.0,623.0
6718115082,1747531476930973648,cXRPUSD,23628.0,675.0,,
6718115077,1747531476923521295,cSOLUSD,1674700.0,0.0,,
6718115083,1747531476931402622,cLINKUSD,153880.0,667.0,,
6718114996,1747531475883483647,cSUIUSD,37788.0,127.0,,
19615294399,1747531480364741532,BTCUSD,,,1032683000.0,1115550.0
6718115222,1747531477093590307,cETHUSD,24830600.0,200.0,24826800.0,27091.0
6718115373,1747531478163432152,cADAUSD,,,7433.0,793.0
6718115753,1747531483279267177,cAVAXUSD,,,223100.0,759.0
6718115091,1747531477014127506,cXRPUSD,23630.0,0.0,,
6718115097,1747531477037262613,cSOLUSD,,,1670700.0,425.0
6718115085,1747531476990901200,cLINKUSD,153870.0,135.0,,
6718115005,1747531476072932906,cSUIUSD,,,37775.0,221.0
19615294400,1747531480675358064,BTCUSD,,,1032683000.0,1109608.0
6718115242,1747531477108807956,cETHUSD,24830600.0,6552.0,24828000.0,68.0
6718115395,1747531478511177711,cADAUSD,7434.0,1405.0,,
6718115782,1747531483576854712,cAVAXUSD,,,222600.0,98241.0
6718115188,1747531477081968691,cXRPUSD,23626.0,11931.0,23617.0,0.0
6718115187,1747531477080562268,cSOLUSD,1670800.0,2254.0,1670700.0,0.0
6718115103,1747531477048516754,cLINKUSD,153870.0,272.0,153850.0,0.0
6718115018,1747531476248289247,cSUIUSD,,,37783.0,5436.0
19615294401,1747531480783925289,BTCUSD,,,1032683000.0,1115549.0
6718115261,1747531477130670857,cETHUSD,24830600.0,8730.0,,
6718115221,1747531477092159276,cXRPUSD,23626.0,0.0,23595.0,17789.0
6718115225,1747531477098612814,cSOLUSD,1670700.0,848.0,1670500.0,4440.0
6718115183,1747531477079277897,cLINKUSD,153860.0,2640.0,153830.0,135.0
6718115025,1747531476327852103,cSUIUSD,,,37784.0,125.0
6718115270,1747531477141023919,cETHUSD,24830600.0,10780.0,,
6718115445,1747531479119242020,cADAUSD,,,7433.0,400.0
6718116169,1747531488237271385,cAVAXUSD,,,222600.0,107841.0
6718115251,1747531477117245741,cXRPUSD,23630.0,23284.0,,
6718115228,1747531477099823452,cSOLUSD,1670800.0,0.0,,
6718115213,1747531477091029536,cLINKUSD,153850.0,272.0,,
6718115046,1747531476401762608,cSUIUSD,37788.0,125.0,37784.0,252.0
19615294407,1747531485412983669,BTCUSD,,,1032683000.0,1115549.0
6718115329,1747531477441006426,cETHUSD,24830600.0,10792.0,,
6718115467,1747531479394959318,cADAUSD,,,7433.0,793.0
6718116190,1747531488275980478,cAVAXUSD,,,223100.0,1359.0
6718115280,1747531477155747511,cXRPUSD,23628.0,12028.0,23616.0,0.0
6718115262,1747531477130801614,cSOLUSD,1670700.0,0.0,1670600.0,848.0
6718115241,1747531477108739784,cLINKUSD,153860.0,137.0,,
6718115049,1747531476478003192,cSUIUSD,37788.0,0.0,,
19615294408,1747531485858109033,BTCUSD,,,1032683000.0,1096423.0
6718115369,1747531478091035781,cETHUSD,24832400.0,1.0,,
6718115514,1747531480334053739,cADAUSD,7447.0,61063.0,,
6718116250,1747531488407765842,cAVAXUSD,,,223100.0,623.0
6718115291,1747531477177712027,cXRPUSD,23628.0,675.0,23528.0,101800.0
6718115279,1747531477152499328,cSOLUSD,1670800.0,7448.0,,
6718115268,1747531477133909159,cLINKUSD,153850.0,135.0,,
6718115050,1747531476486245475,cSUIUSD,37789.0,1072.0,,
19615294410,1747531485915053152,BTCUSD,1033144000.0,4656.0,1032683000.0,1115549.0
6718115403,1747531478636595292,cETHUSD,,,24830500.0,1851.0
6718115524,1747531480589290147,cADAUSD,7445.0,81541.0,,
6718116314,1747531488640562669,cAVAXUSD,,,223100.0,135.0
6718115298,1747531477195103902,cXRPUSD,23630.0,0.0,,
6718115297,1747531477190131086,cSOLUSD,1670700.0,848.0,1670600.0,0.0
6718115294,1747531477181028949,cLINKUSD,153850.0,0.0,153830.0,272.0
6718115052,1747531476514542838,cSUIUSD,37788.0,127.0,,
19615294411,1747531486767901421,BTCUSD,1032918000.0,0.0,,
6718115406,1747531478652691254,cETHUSD,,,24830500.0,0.0
6718115545,1747531481126982240,cADAUSD,,,7433.0,400.0
6718116317,1747531488669736214,cAVAXUSD,,,223100.0,270.0
6718115315,1747531477275839094,cXRPUSD,23626.0,23284.0,,
6718115302,1747531477212663430,cSOLUSD,,,1670600.0,10520.0
6718115306,1747531477226228196,cLINKUSD,153860.0,2640.0,,
6718115059,1747531476618704095,cSUIUSD,37788.0,0.0,,
19615294413,1747531486857618079,BTCUSD,1032918000.0,46400.0,,
6718115423,1747531478701344882,cETHUSD,24829400.0,7115.0,24829200.0,1850.0
6718115554,1747531481216094042,cADAUSD,,,7433.0,807.0
6718115317,1747531477286225024,cXRPUSD,23626.0,11931.0,,
6718115311,1747531477251163752,cSOLUSD,,,1670600.0,0.0
6718115310,1747531477248981967,cLINKUSD,153860.0,8.0,153840.0,2632.0
6718115062,1747531476663134024,cSUIUSD,37789.0,1197.0,,
6718115424,1747531478713968503,cETHUSD,24830500.0,34260.0,,
6718115647,1747531482364317394,cADAUSD,7434.0,1005.0,,
6718116396,1747531489216237529,cAVAXUSD,,,223100.0,0.0
6718115320,1747531477325663291,cXRPUSD,23626.0,0.0,,
6718115321,1747531477330143588,cSOLUSD,,,1670600.0,3072.0
6718115316,1747531477280661713,cLINKUSD,153860.0,0.0,,
6718115069,1747531476875427752,cSUIUSD,37788.0,127.0,,
19615294418,1747531493178243120,BTCUSD,,,1032630000.0,0.0
6718115650,1747531482504793706,cADAUSD,7434.0,1405.0,,
6718116438,1747531489230923435,cAVAXUSD,223100.0,753.0,,
6718115334,1747531477511636353,cXRPUSD,23626.0,23284.0,,
6718115323,1747531477409498308,cSOLUSD,,,1670600.0,3497.0
6718115325,1747531477419791346,cLINKUSD,,,153850.0,135.0
6718115178,1747531477078483157,cSUIUSD,,,37784.0,0.0
19615294419,1747531493195354288,BTCUSD,,,1032530000.0,20000.0
6718115425,1747531478739116439,cETHUSD,24830000.0,0.0,,
6718115695,1747531483231116115,cADAUSD,,,7433.0,0.0
6718116475,1747531489347529833,cAVAXUSD,223100.0,618.0,,
6718115336,1747531477535191027,cXRPUSD,23626.0,0.0,,
6718115326,1747531477421792265,cSOLUSD,1670700.0,0.0,,
6718115343,1747531477709110635,cLINKUSD,,,153850.0,0.0
6718115224,1747531477097733203,cSUIUSD,37787.0,1966.0,37667.0,125.0
19615294420,1747531493369151285,BTCUSD,1032684000.0,387.0,,
6718115432,1747531478780128545,cETHUSD,24830600.0,4028.0,,
6718115739,1747531483251497503,cADAUSD,7433.0,807.0,7432.0,977.0
6718116483,1747531489577871921,cAVAXUSD,223100.0,0.0,,
6718115340,1747531477666423802,cXRPUSD,23626.0,11353.0,,
6718115332,1747531477471534636,cSOLUSD,1670800.0,848.0,,
6718115346,1747531477742348751,cLINKUSD,153860.0,2640.0,153840.0,0.0
6718115244,1747531477109380697,cSUIUSD,37785.0,125.0,37778.0,252.0
19615294424,1747531493374857952,BTCUSD,,,1032548000.0,0.0
6718115440,1747531478841376774,cETHUSD,24829300.0,6564.0,,
6718115751,1747531483276609497,cADAUSD,7433.0,0.0,7432.0,1384.0
6718116485,1747531489591897244,cAVAXUSD,,,223100.0,270.0
6718115341,1747531477666720417,cXRPUSD,23626.0,23284.0,,
6718115337,1747531477549566549,cSOLUSD,,,1670600.0,425.0
6718115355,1747531477829562626,cLINKUSD,153860.0,0.0,153840.0,6618.0
6718115257,1747531477129046913,cSUIUSD,37785.0,0.0,,
6718115512,1747531480223902136,cETHUSD,24829300.0,6764.0,,
6718115793,1747531483683441543,cADAUSD,,,7433.0,400.0
6718116510,1747531489658269050,cAVAXUSD,223200.0,1267.0,,
6718115356,1747531477932312621,cXRPUSD,23626.0,11931.0,,
6718115393,1747531478498958414,cSOLUSD,,,1670600.0,0.0
6718115357,1747531477932487502,cLINKUSD,,,153850.0,135.0
6718115275,1747531477148689839,cSUIUSD,37784.0,3470.0,,
19615294427,1747531495468516779,BTCUSD,,,1032683000.0,1109425.0
6718115592,1747531482075495609,cETHUSD,,,24829200.0,10002.0
6718115795,1747531483743101736,cADAUSD,,,7433.0,0.0
6718116579,1747531491311766051,cAVAXUSD,,,223100.0,135.0
6718115359,1747531477935444218,cXRPUSD,23626.0,0.0,,
6718115360,1747531477935459521,cLINKUSD,153870.0,426.0,153850.0,272.0
6718115293,1747531477178350580,cSUIUSD,37783.0,1966.0,,
19615294428,1747531495744919319,BTCUSD,,,1032683000.0,1115543.0
6718115594,1747531482077008480,cETHUSD,,,24829200.0,10881.0
6718115802,1747531483760704631,cADAUSD,7433.0,400.0,,
6718116601,1747531491519003387,cAVAXUSD,,,223100.0,270.0
6718115375,1747531478175758932,cXRPUSD,23626.0,23284.0,,
6718115442,1747531478992330473,cSOLUSD,,,1670600.0,10520.0
6718115368,1747531478079513392,cLINKUSD,153860.0,2640.0,153840.0,0.0
6718115312,1747531477255837928,cSUIUSD,37784.0,0.0,,
19615294431,1747531496456424609,BTCUSD,,,1032683000.0,1090461.0
6718115758,1747531483292045780,cETHUSD,24829300.0,10481.0,24829200.0,9031.0
6718115815,1747531483838576443,cADAUSD,7433.0,0.0,,
6718116687,1747531492526653580,cAVAXUSD,,,223100.0,135.0
6718115461,1747531479349381191,cSOLUSD,,,1670600.0,0.0
6718115370,1747531478112216028,cLINKUSD,,,153850.0,137.0
6718115379,1747531478255164118,cXRPUSD,23626.0,0.0,,
6718115330,1747531477446314002,cSUIUSD,37783.0,2093.0,,
19615294432,1747531496635037797,BTCUSD,,,1032683000.0,1073386.0
6718116699,1747531492669861593,cAVAXUSD,,,223100.0,270.0
6718115389,1747531478480131808,cLINKUSD,153860.0,0.0,,
6718115381,1747531478319391260,cXRPUSD,23631.0,0.0,,
6718115465,1747531479371349133,cSOLUSD,,,1670600.0,3072.0
6718115331,1747531477461696978,cSUIUSD,37783.0,1966.0,,
19615294433,1747531498202423751,BTCUSD,,,1032683000.0,1060202.0
6718115814,1747531483832688211,cETHUSD,,,24828000.0,0.0
6718115840,1747531484319709069,cADAUSD,,,7433.0,400.0
6718116748,1747531493038384863,cAVAXUSD,,,222600.0,72057.0
6718115382,1747531478376322888,cXRPUSD,23626.0,11353.0,,
6718115471,1747531479400061899,cSOLUSD,,,1670600.0,848.0
6718115397,1747531478532842742,cLINKUSD,153870.0,563.0,153850.0,0.0
6718115339,1747531477602830075,cSUIUSD,37898.0,0.0,,
19615294440,1747531498861702275,BTCUSD,1033073000.0,701.0,1032660000.0,0.0
6718115821,1747531483881284469,cETHUSD,,,24820900.0,68.0
6718115867,1747531484631740520,cADAUSD,,,7433.0,807.0
6718115476,1747531479606744714,cSOLUSD,,,1670600.0,425.0
6718115383,1747531478376656057,cXRPUSD,23626.0,23284.0,,
6718115349,1747531477787782974,cSUIUSD,37783.0,0.0,37779.0,5436.0
19615294443,1747531499530310640,BTCUSD,1033167000.0,4702.0,,
6718115824,1747531483935409988,cETHUSD,,,24824700.0,1.0
6718115883,1747531485141858876,cADAUSD,7448.0,234366.0,,
6718117017,1747531497830609947,cAVAXUSD,225600.0,55310.0,,
6718115480,1747531479758758064,cLINKUSD,,,153840.0,2632.0
6718115478,1747531479613158519,cSOLUSD,,,1670600.0,0.0
6718115353,1747531477810867109,cSUIUSD,,,37782.0,125.0
6718115825,1747531483948302294,cETHUSD,,,24827400.0,68.0
6718115951,1747531485404055667,cADAUSD,7434.0,1405.0,,
6718117018,1747531497837284161,cAVAXUSD,225500.0,31680.0,,
6718115434,1747531478836184250,cXRPUSD,23626.0,0.0,,
6718115479,1747531479662717763,cSOLUSD,,,1670600.0,425.0
6718115485,1747531479768740004,cLINKUSD,153860.0,2640.0,153840.0,0.0
6718115371,1747531478157740134,cSUIUSD,,,37779.0,3470.0
19615294451,1747531500123807213,BTCUSD,1032772000.0,3957.0,1032683000.0,965087.0
6718115885,1747531485167580555,cETHUSD,,,24827400.0,0.0
6718116070,1747531486945998445,cADAUSD,,,7433.0,400.0
6718115511,1747531480197539104,cSOLUSD,,,1670600.0,848.0
6718115507,1747531480142070407,cLINKUSD,153860.0,0.0,,
6718115487,1747531479886734173,cXRPUSD,23626.0,23284.0,,
6718115372,1747531478158406562,cSUIUSD,,,37779.0,0.0
19615294452,1747531500132317500,BTCUSD,,,1032531000.0,4985.0
6718115962,1747531485423632559,cETHUSD,24829300.0,8614.0,24829200.0,9031.0
6718116097,1747531487405447693,cADAUSD,,,7433.0,0.0
6718117166,1747531499486439468,cAVAXUSD,,,223100.0,135.0
6718115513,1747531480320847064,cLINKUSD,153870.0,563.0,,
6718115489,1747531479914462645,cXRPUSD,23626.0,0.0,,
6718115527,1747531480779969503,cSOLUSD,,,1670600.0,425.0
6718115376,1747531478212818035,cSUIUSD,,,37782.0,0.0
19615294453,1747531500192645430,BTCUSD,,,1032422000.0,0.0
6718115973,1747531485459106194,cETHUSD,24829300.0,6764.0,24829200.0,12748.0
6718116153,1747531487748113581,cADAUSD,,,7433.0,400.0
6718117173,1747531499586615020,cAVAXUSD,,,223100.0,0.0
6718115564,1747531481487148327,cXRPUSD,23637.0,658.0,,
6718115530,1747531480790640188,cSOLUSD,,,1670600.0,0.0
6718115523,1747531480469372748,cLINKUSD,153860.0,2640.0,,
6718115377,1747531478253318842,cSUIUSD,,,37667.0,125.0
19615294454,1747531500242987603,BTCUSD,1032684000.0,186.0,,
6718115990,1747531485568760262,cETHUSD,,,24829200.0,12816.0
6718116156,1747531488069465326,cADAUSD,7434.0,1005.0,7433.0,807.0
6718117174,1747531499628887508,cAVAXUSD,,,223100.0,135.0
6718115580,1747531481811492900,cXRPUSD,,,23585.0,43825.0
6718115573,1747531481539947429,cSOLUSD,,,1670600.0,3071.0
6718115525,1747531480626304533,cLINKUSD,,,153470.0,0.0
6718115384,1747531478380997671,cSUIUSD,37786.0,0.0,,
19615294459,1747531500254502070,BTCUSD,1032684000.0,201.0,,
6718116009,1747531486121610726,cETHUSD,,,24829200.0,3785.0
6718116157,1747531488149203417,cADAUSD,7434.0,1405.0,,
6718117285,1747531500111985505,cAVAXUSD,223100.0,523.0,223100.0,0.0
6718115575,1747531481649924825,cSOLUSD,,,1670600.0,3496.0
6718115581,1747531481818086042,cXRPUSD,,,23578.0,28800.0
6718115526,1747531480634405766,cLINKUSD,,,153490.0,21000.0
6718115385,1747531478434062386,cSUIUSD,37788.0,127.0,,
19615294468,1747531500304989695,BTCUSD,1032684000.0,0.0,,
6718116071,1747531487050114555,cETHUSD,,,24829200.0,1918.0
6718116192,1747531488329744336,cADAUSD,,,7433.0,400.0
6718117341,1747531500129584766,cAVAXUSD,223100.0,659.0,,
6718115658,1747531482856160378,cXRPUSD,,,23614.0,228.0
6718115576,1747531481716371914,cSOLUSD,,,1661700.0,0.0
6718115529,1747531480781959483,cLINKUSD,153860.0,0.0,,
6718115386,1747531478477704958,cSUIUSD,37787.0,3470.0,,
19615294529,1747531500344320036,BTCUSD,1032771000.0,307883.0,1032734000.0,170000.0
6718116075,1747531487062141544,cETHUSD,24829300.0,8614.0,24829200.0,68.0
6718116198,1747531488349156602,cADAUSD,,,7433.0,0.0
6718117651,1747531501126998835,cAVAXUSD,223100.0,136.0,,
6718115577,1747531481722995956,cSOLUSD,,,1661600.0,13632.0
6718115694,1747531483227608772,cXRPUSD,23626.0,23284.0,23625.0,0.0
6718115583,1747531481988954863,cLINKUSD,153860.0,2632.0,,
6718115394,1747531478499666857,cSUIUSD,37787.0,0.0,37781.0,5436.0
19615294587,1747531500361724000,BTCUSD,1032735000.0,93106.0,1032713000.0,753.0
6718116076,1747531487102222234,cETHUSD,24829300.0,10481.0,,
6718116261,1747531488445056583,cADAUSD,7433.0,807.0,7432.0,577.0
6718117707,1747531501608091392,cAVAXUSD,223100.0,271.0,,
6718115741,1747531483256197888,cXRPUSD,23624.0,691.0,23619.0,0.0
6718115579,1747531481769467576,cSOLUSD,,,1670600.0,425.0
6718115587,1747531481999118562,cLINKUSD,153860.0,8.0,153840.0,6618.0
6718115401,1747531478534966884,cSUIUSD,,,37784.0,125.0
19615294604,1747531500377314642,BTCUSD,1032735000.0,356236.0,1032734000.0,172066.0
6718116290,1747531488558113491,cETHUSD,,,24829200.0,0.0
6718116282,1747531488491288457,cADAUSD,7434.0,1812.0,7432.0,1384.0
6718117713,1747531501637190310,cAVAXUSD,223100.0,756.0,,
6718115590,1747531482050125244,cSOLUSD,,,1670600.0,0.0
6718115750,1747531483271836504,cXRPUSD,,,23609.0,675.0
6718115589,1747531482046131229,cLINKUSD,,,153850.0,135.0
19615294608,1747531500385478970,BTCUSD,1032735000.0,393873.0,1032683000.0,101662.0
6718116308,1747531488614631785,cETHUSD,24828100.0,1850.0,24825000.0,2870.0
6718116285,1747531488528965470,cADAUSD,7433.0,400.0,,
6718117779,1747531501967879612,cAVAXUSD,,,223000.0,1439.0
6718115766,1747531483342584661,cXRPUSD,23623.0,23284.0,,
6718115663,1747531482881735774,cSOLUSD,,,1670600.0,10944.0
6718115643,1747531482208050889,cLINKUSD,153860.0,0.0,153840.0,137.0
6718115444,1747531479034207003,cSUIUSD,,,37784.0,125.0
19615294613,1747531500462065459,BTCUSD,1032735000.0,425842.0,1032734000.0,196104.0
6718116313,1747531488638524280,cETHUSD,24830400.0,1.0,24815100.0,0.0
6718116332,1747531488729551494,cADAUSD,7433.0,0.0,,
6718117810,1747531501968499945,cAVAXUSD,,,223000.0,774.0
6718115665,1747531482889962290,cSOLUSD,,,1670600.0,425.0
6718115768,1747531483375149594,cXRPUSD,23623.0,0.0,,
6718115644,1747531482247967817,cLINKUSD,,,153850.0,0.0
6718115446,1747531479199947839,cSUIUSD,37788.0,0.0,,
19615294627,1747531500515403245,BTCUSD,1032735000.0,429799.0,1032734000.0,279911.0
6718116318,1747531488684702659,cETHUSD,,,24823200.0,0.0
6718117862,1747531502131592361,cAVAXUSD,,,223000.0,267.0
6718115770,1747531483437688224,cXRPUSD,23623.0,23284.0,,
6718115670,1747531483003208764,cSOLUSD,,,1670600.0,0.0
6718115645,1747531482278035238,cLINKUSD,,,153760.0,0.0
6718115455,1747531479225122397,cSUIUSD,37789.0,1197.0,37784.0,252.0
19615294634,1747531500556409169,BTCUSD,1032735000.0,456641.0,1032734000.0,299911.0
6718116333,1747531488761148566,cETHUSD,,,24828000.0,13845.0
6718116356,1747531489098984597,cADAUSD,,,7433.0,400.0
6718117909,1747531502187543518,cAVAXUSD,,,223000.0,135.0
6718115780,1747531483559076912,cSOLUSD,,,1670500.0,4015.0
6718115772,1747531483460494886,cXRPUSD,23623.0,0.0,,
6718115651,1747531482606579847,cLINKUSD,,,153770.0,0.0
6718115459,1747531479271129370,cSUIUSD,37788.0,127.0,37784.0,127.0
19615294636,1747531500573943839,BTCUSD,,,1032734000.0,344123.0
6718116359,1747531489201954713,cADAUSD,,,7433.0,0.0
6718117939,1747531502221437014,cAVAXUSD,,,222700.0,6187.0
6718115783,1747531483643857017,cXRPUSD,23624.0,0.0,,
6718115655,1747531482841659496,cLINKUSD,153860.0,2777.0,153840.0,0.0
6718115462,1747531479360398952,cSUIUSD,37788.0,0.0,,
19615294649,1747531500583094871,BTCUSD,1032735000.0,478375.0,1032734000.0,503985.0
6718116338,1747531488791978286,cETHUSD,,,24827900.0,7254.0
6718116377,1747531489210203850,cADAUSD,7433.0,400.0,,
6718118005,1747531502629492754,cAVAXUSD,,,221000.0,0.0
6718116007,1747531485940348168,cSOLUSD,,,1670600.0,425.0
6718115804,1747531483764159071,cXRPUSD,23625.0,4540.0,,
6718115656,1747531482849370728,cLINKUSD,153850.0,135.0,,
6718115473,1747531479434063681,cSUIUSD,37789.0,945.0,,
19615294652,1747531500646038299,BTCUSD,1032735000.0,498375.0,,
6718116351,1747531488951063630,cETHUSD,24829300.0,3717.0,,
6718116444,1747531489238594487,cADAUSD,7433.0,400.0,,
6718118010,1747531502639258878,cAVAXUSD,,,223000.0,0.0
6718115826,1747531483986824398,cXRPUSD,23624.0,11353.0,,
6718116008,1747531486002640061,cSOLUSD,,,1670600.0,845.0
6718115667,1747531482918706659,cLINKUSD,153860.0,137.0,,
6718115474,1747531479506806563,cSUIUSD,37789.0,1070.0,,
19615294653,1747531500676427599,BTCUSD,1032735000.0,478375.0,,
6718116360,1747531489203154852,cETHUSD,,,24820200.0,0.0
6718116459,1747531489252741882,cADAUSD,7433.0,0.0,7432.0,1350.0
6718118020,1747531502698420775,cAVAXUSD,,,223000.0,135.0
6718116045,1747531486478199308,cSOLUSD,,,1670600.0,425.0
6718115827,1747531483994431519,cXRPUSD,23624.0,0.0,,
6718115721,1747531483237289586,cLINKUSD,153850.0,272.0,,
6718115475,1747531479514440465,cSUIUSD,37789.0,1197.0,,
19615294654,1747531500999745079,BTCUSD,,,1032728000.0,11111.0
6718116395,1747531489215277015,cETHUSD,24829300.0,15140.0,24828000.0,0.0
6718116474,1747531489314293387,cADAUSD,7433.0,400.0,,
6718118028,1747531502763467912,cAVAXUSD,,,223000.0,135.0
6718115828,1747531484074662605,cXRPUSD,23624.0,11353.0,,
6718116046,1747531486517116475,cSOLUSD,,,1667800.0,50138.0
6718115724,1747531483238433218,cLINKUSD,153860.0,0.0,153830.0,135.0
6718115477,1747531479611727567,cSUIUSD,37788.0,127.0,,
19615294655,1747531501015198024,BTCUSD,,,1032507000.0,4985.0
6718116445,1747531489240410031,cETHUSD,24827900.0,145.0,24826900.0,0.0
6718116479,1747531489449626537,cADAUSD,7433.0,0.0,,
6718118068,1747531503439648425,cAVAXUSD,,,223000.0,0.0
6718116047,1747531486524287636,cSOLUSD,,,1667600.0,2040.0
6718115830,1747531484083890361,cXRPUSD,23624.0,0.0,,
6718115773,1747531483465830647,cLINKUSD,153850.0,135.0,,
6718115492,1747531479968482477,cSUIUSD,37785.0,5436.0,37784.0,0.0
19615294657,1747531501184884949,BTCUSD,1032918000.0,0.0,,
6718116463,1747531489260638493,cETHUSD,24827400.0,4016.0,24822100.0,3073.0
6718116480,1747531489495689800,cADAUSD,,,7433.0,400.0
6718118115,1747531503463160142,cAVAXUSD,223000.0,135.0,,
6718115837,1747531484316284177,cXRPUSD,23624.0,11353.0,,
6718116062,1747531486650452072,cSOLUSD,,,1670600.0,845.0
6718115779,1747531483550062608,cLINKUSD,153850.0,272.0,,
6718115499,1747531480006253089,cSUIUSD,37784.0,252.0,37778.0,252.0
19615294659,1747531501196143817,BTCUSD,1032771000.0,1175.0,,
6718116472,1747531489291705307,cETHUSD,24827400.0,8402.0,,
6718116517,1747531489941930582,cADAUSD,,,7396.0,0.0
6718118207,1747531503634914909,cAVAXUSD,223000.0,271.0,,
6718116069,1747531486765974429,cSOLUSD,,,1670600.0,0.0
6718115843,1747531484334569281,cXRPUSD,23624.0,23284.0,23609.0,1366.0
6718115501,1747531480083986025,cSUIUSD,37784.0,0.0,,
19615294660,1747531501720480619,BTCUSD,1032735000.0,459474.0,,
6718116476,1747531489360644629,cETHUSD,24827400.0,8414.0,,
6718116523,1747531490215126791,cADAUSD,,,7433.0,807.0
6718118258,1747531503664667614,cAVAXUSD,223000.0,756.0,,
